CÓDIGO,NOME,SEXO,TELEFONE,CPF,DT. NASCIMENTO,ÚLTIMA HOSP.
38154,GABRIEL ROCHA LIMA,M,(21) 99876-5432,31548796350,19/08/1995,22/07/2024
11298,MARIA FERNANDA COSTA,F,(11) 98123-4567,25874135866,19/08/1988,15/01/2025
45873,JOÃO PEDRO ALVES PEREIRA,M,(31) 98888-1234,45215935785,20/08/1999,30/11/2023
22441,ANA BEATRIZ FERREIRA,F,(41) 99555-8888,75395185241,21/08/1992,10/03/2024
50123,LUIZ FELIPE ALVES COSTA,M,(51) 98234-5678,12547896322,12/05/2001,28/02/2025
18765,MARIANA RIBEIRO OLIVEIRA,F,(61) 99111-2222,98765432100,23/11/1985,05/09/2023
29432,ENZO GABRIEL SOUSA CARVALHO,M,(71) 98888-7777,65498712311,14/02/1998,18/06/2024
34567,CLARA GOMES SANTOS,F,(81) 99666-3333,78912345622,30/09/1990,01/04/2025
48321,PEDRO HENRIQUE PINTO BARROS,M,(85) 98444-5555,32165498733,07/07/2000,25/12/2023
10987,LARA BARBOSA MOREIRA,F,(92) 99333-4444,45678912344,18/04/1982,12/10/2024
21345,BERNARDO CAMPOS AZEVEDO,M,(21) 98666-7777,96385274155,25/01/1997,20/03/2025
32876,HELENA CORREIA ROCHA,F,(11) 99777-8888,74185296366,01/12/1989,02/01/2024
43129,MATHEUS CUNHA DUARTE,M,(48) 98111-2222,85296374177,15/06/1994,28/10/2023
14753,LAURA FERNANDES FREITAS,F,(51) 99222-3333,15975348288,03/03/1980,16/05/2024
25846,LORENZO MELO CARDOSO,M,(31) 98333-4444,35715924899,10/10/2002,09/06/2025
36957,VALENTINA NUNES PIRES,F,(62) 99444-5555,24835715900,28/08/1987,11/02/2024
47159,DAVI LUCAS RAMOS SALES,M,(67) 98555-6666,95175386211,19/07/1993,14/08/2023
18264,ISABELLA JESUS TEIXEIRA,F,(27) 99888-9999,75395146222,20/05/1984,03/12/2024
29375,GUSTAVO REZENDE FOGAÇA,M,(98) 98999-0000,15935786433,01/09/2003,25/07/2025
40486,CECÍLIA VIANA FARIAS,F,(83) 99000-1111,35715964844,05/11/1986,30/04/2024
11597,FELIPE MENDES BARROS,M,(84) 98123-4567,25836914755,22/03/1996,18/07/2023
22608,MANUELA PINTO,F,(79) 99234-5678,14725836966,29/10/1983,17/09/2024
33719,THÉO BARBOSA ROCHA,M,(82) 98345-6789,36914725877,12/12/2004,10/08/2025
44820,ELOÁ CORREIA DUARTE,F,(75) 99456-7890,78596321488,08/02/1981,08/08/2024
15931,CAUÃ CUNHA,M,(68) 98567-8901,32145698799,21/07/1991,21/06/2023
26042,LIVIA FERNANDES,F,(96) 99678-9012,65478932100,04/06/1979,11/11/2024
37153,ISAAC FREITAS MELO,M,(95) 98789-0123,98732165411,01/01/2005,05/05/2025
48264,REBECA CARDOSO NUNES,F,(69) 99890-1234,12398765422,13/09/1988,07/07/2024
19375,ANTHONY PIRES,M,(63) 98901-2345,45612398733,25/04/1995,15/05/2023
30486,AGATHA RAMOS SALES,F,(94) 99012-3456,78945612344,08/08/1978,10/10/2024
41597,NOAH JESUS TEIXEIRA,M,(93) 98123-4567,36985274155,28/02/2006,20/01/2025
12708,AYLA REZENDE FOGAÇA,F,(91) 99234-5678,25814736966,17/03/1987,30/06/2024
23819,BENJAMIN VIANA FARIAS,M,(97) 98345-6789,14736925877,11/11/1992,19/04/2023
34920,ESTHER MENDES BARROS,F,(65) 99456-7890,36925814788,30/01/1977,22/08/2024
46031,DAVI PINTO,M,(66) 98567-8901,85274196399,06/06/2007,02/02/2025
17142,MARIA LUISA BARBOSA,F,(64) 99678-9012,74196385200,24/12/1986,14/03/2024
28253,LEVI ROCHA,M,(86) 98789-0123,96385274111,05/10/1994,23/03/2023
39364,ANA LIZ CORREIA,F,(88) 99890-1234,85274196322,14/07/1976,09/09/2024
40475,MATTEO DUARTE CUNHA,M,(99) 98901-2345,74196385233,04/04/2008,03/03/2025
11586,MARIA HELOISA FERNANDES,F,(47) 99012-3456,96385274144,19/05/1989,29/11/2024
22697,LUCCA FREITAS MELO,M,(49) 98123-4567,85274196355,18/02/1993,18/02/2023
33808,LIZ CARDOSO NUNES,F,(22) 99234-5678,74196385266,26/09/1975,31/12/2024
44919,JOSÉ PIRES RAMOS,M,(24) 98345-6789,96385274177,11/08/2009,11/08/2025
16020,ANA VITÓRIA SALES JESUS,F,(32) 99456-7890,85274196388,25/06/1988,28/07/2024
27131,JOÃO GUILHERME TEIXEIRA,M,(33) 98567-8901,74196385299,12/03/1999,19/01/2023
58241,ISADORA PEREIRA ROCHA,F,(21) 98877-1122,78945612355,15/07/1996,01/03/2024
67352,RAFAEL LIMA DUARTE,M,(11) 99122-3344,12378945666,22/11/1984,19/05/2025
78463,ANA JULIA COSTA CUNHA,F,(31) 98333-5566,45612378977,30/04/2002,25/09/2023
89574,BRUNO ALVES FERNANDES,M,(41) 99444-7788,78945612388,05/09/1991,12/02/2024
90685,LETICIA MARTINS FREITAS,F,(51) 98555-9900,12378945699,18/01/2000,08/08/2025
11796,DIEGO PEREIRA MELO,M,(61) 99666-1122,45612378900,03/06/1987,14/11/2023
22807,BEATRIZ OLIVEIRA CARDOSO,F,(71) 98777-3344,78945612311,25/12/1998,21/04/2024
33918,ANDRÉ SOUSA NUNES,M,(81) 99888-5566,12378945622,11/03/1982,30/07/2025
44029,CAROLINA CARVALHO PIRES,F,(85) 98999-7788,45612378933,09/10/1995,05/01/2024
55130,RODRIGO GOMES RAMOS,M,(92) 99000-9900,78945612344,14/08/1980,18/06/2023
66241,FERNANDA SANTOS SALES,F,(21) 98111-1122,12378945655,02/02/2001,22/10/2024
77352,VINICIUS PINTO JESUS,M,(11) 99222-3344,45612378966,29/05/1993,11/03/2025
88463,GABRIELA BARROS TEIXEIRA,F,(31) 98333-5566,78945612377,07/11/1988,04/09/2023
99574,LEONARDO MOREIRA REZENDE,M,(41) 99444-7788,12378945688,16/09/1997,28/01/2024
10685,BRUNA AZEVEDO FOGAÇA,F,(51) 98555-9900,45612378999,21/06/2003,15/05/2025
21796,RAUL ROCHA VIANA,M,(61) 99666-1122,78945612300,04/04/1985,02/12/2023
32807,LAÍS DUARTE FARIAS,F,(71) 98777-3344,12378945611,13/10/1992,17/07/2024
43918,IGOR CUNHA MENDES,M,(81) 99888-5566,45612378922,26/03/1989,09/02/2025
54029,SARA FERNANDES BARROS,F,(85) 98999-7788,78945612333,19/07/1999,23/06/2024
65130,ERICK FREITAS PINTO,M,(92) 99000-9900,12378945644,08/12/1983,01/04/2023
67341,VANESSA LIMA SOUSA,F,(21) 98877-1123,11122233344,10/05/1994,02/03/2024
68452,FELIPE ROCHA SANTOS,M,(11) 99122-3345,22233344455,21/09/1983,18/05/2025
69563,MARCELA COSTA OLIVEIRA,F,(31) 98333-5567,33344455566,29/03/2001,24/09/2023
70674,TIAGO ALVES PEREIRA,M,(41) 99444-7789,44455566677,04/08/1990,11/02/2024
71785,PATRICIA MARTINS LIMA,F,(51) 98555-9901,55566677788,17/02/1999,07/08/2025
14040,RICARDO SILVA JUNIOR,M,(31) 91234-5678,99988877766,01/01/1980,10/01/2025
14141,CAMILA SOUZA MENDES,F,(21) 92345-6789,88877766655,02/02/1992,11/02/2025
58241,ISADORA PEREIRA ROCHA,F,(21) 98877-1122,78945612355,15/07/1996,01/03/2024
67352,RAFAEL LIMA DUARTE,M,(11) 99122-3344,12378945666,22/11/1984,19/05/2025
78463,ANA JULIA COSTA CUNHA,F,(31) 98333-5566,45612378977,30/04/2002,25/09/2023
89574,BRUNO ALVES FERNANDES,M,(41) 99444-7788,78945612388,05/09/1991,12/02/2024
90685,LETICIA MARTINS FREITAS,F,(51) 98555-9900,12378945699,18/01/2000,08/08/2025
11796,DIEGO PEREIRA MELO,M,(61) 99666-1122,45612378900,03/06/1987,14/11/2023
22807,BEATRIZ OLIVEIRA CARDOSO,F,(71) 98777-3344,78945612311,25/12/1998,21/04/2024
33918,ANDRÉ SOUSA NUNES,M,(81) 99888-5566,12378945622,11/03/1982,30/07/2025
44029,CAROLINA CARVALHO PIRES,F,(85) 98999-7788,45612378933,09/10/1995,05/01/2024
55130,RODRIGO GOMES RAMOS,M,(92) 99000-9900,78945612344,14/08/1980,18/06/2023
66241,FERNANDA SANTOS SALES,F,(21) 98111-1122,12378945655,02/02/2001,22/10/2024
77352,VINICIUS PINTO JESUS,M,(11) 99222-3344,45612378966,29/05/1993,11/03/2025
88463,GABRIELA BARROS TEIXEIRA,F,(31) 98333-5566,78945612377,07/11/1988,04/09/2023
99574,LEONARDO MOREIRA REZENDE,M,(41) 99444-7788,12378945688,16/09/1997,28/01/2024
10685,BRUNA AZEVEDO FOGAÇA,F,(51) 98555-9900,45612378999,21/06/2003,15/05/2025
21796,RAUL ROCHA VIANA,M,(61) 99666-1122,78945612300,04/04/1985,02/12/2023
32807,LAÍS DUARTE FARIAS,F,(71) 98777-3344,12378945611,13/10/1992,17/07/2024
43918,IGOR CUNHA MENDES,M,(81) 99888-5566,45612378922,26/03/1989,09/02/2025
54029,SARA FERNANDES BARROS,F,(85) 98999-7788,78945612333,19/07/1999,23/06/2024
65130,ERICK FREITAS PINTO,M,(92) 99000-9900,12378945644,08/12/1983,01/04/2023
67341,VANESSA LIMA SOUSA,F,(21) 98877-1123,11122233344,10/05/1994,02/03/2024
68452,FELIPE ROCHA SANTOS,M,(11) 99122-3345,22233344455,21/09/1983,18/05/2025
69563,MARCELA COSTA OLIVEIRA,F,(31) 98333-5567,33344455566,29/03/2001,24/09/2023
70674,TIAGO ALVES PEREIRA,M,(41) 99444-7789,44455566677,04/08/1990,11/02/2024
71785,PATRICIA MARTINS LIMA,F,(51) 98555-9901,55566677788,17/02/1999,07/08/2025
14040,RICARDO SILVA JUNIOR,M,(31) 91234-5678,99988877766,01/01/1980,10/01/2025
14141,CAMILA SOUZA MENDES,F,(21) 92345-6789,88877766655,02/02/1992,11/02/2025
14242,LUCAS OLIVEIRA COSTA,M,(11) 93456-7890,77766655544,03/03/1985,12/03/2025
14343,JULIANA PEREIRA LIMA,F,(41) 94567-8901,66655544433,04/04/1995,13/04/2025
14444,MATEUS FERREIRA ALVES,M,(51) 95678-9012,55544433322,05/05/1988,14/05/2025
14545,SOFIA RODRIGUES MARTINS,F,(61) 96789-0123,44433322211,06/06/1997,15/06/2025
14646,GABRIEL GONÇALVES DIAS,M,(71) 97890-1234,33322211100,07/07/1982,16/07/2025
14747,ALICE CARVALHO NOGUEIRA,F,(81) 98901-2345,22211100099,08/08/2000,17/08/2025
14848,DANIEL AZEVEDO GOMES,M,(85) 99012-3456,11100099988,09/09/1989,18/08/2025
14949,LAURA MOREIRA ROCHA,F,(92) 90123-4567,00099988877,10/10/1993,19/08/2025
15050,ARTHUR BARBOSA DUARTE,M,(21) 91234-5678,99988877766,11/11/1981,20/08/2025
15151,MANUELA CUNHA BARROS,F,(11) 92345-6789,88877766655,12/12/1996,21/08/2025
15252,HEITOR FERNANDES PINTO,M,(31) 93456-7890,77766655544,01/01/1984,22/08/2025
15353,ISABELLA FREITAS AZEVEDO,F,(41) 94567-8901,66655544433,02/02/1998,23/08/2025
15454,BERNARDO MELO ROCHA,M,(51) 95678-9012,55544433322,03/03/1986,24/08/2025
15555,SOPHIA CARDOSO DUARTE,F,(61) 96789-0123,44433322211,04/04/1994,25/08/2025
15656,DAVI NUNES CUNHA,M,(71) 97890-1234,33322211100,05/05/1983,26/08/2025
15757,ALICE PIRES BARROS,F,(81) 98901-2345,22211100099,06/06/2002,27/08/2025
15858,MIGUEL RAMOS PINTO,M,(85) 99012-3456,11100099988,07/07/1990,28/08/2025
15959,HELENA SALES AZEVEDO,F,(92) 90123-4567,00099988877,08/08/1995,29/08/2025
16060,THEO JESUS ROCHA,M,(21) 91234-5678,99988877766,09/09/1987,30/08/2025
16161,VALENTINA TEIXEIRA DUARTE,F,(11) 92345-6789,88877766655,10/10/1991,31/08/2025
16262,GAEL REZENDE CUNHA,M,(31) 93456-7890,77766655544,11/11/1980,01/09/2025
16363,LIZ FOGAÇA BARROS,F,(41) 94567-8901,66655544433,12/12/2004,02/09/2025
16464,RAVI VIANA PINTO,M,(51) 95678-9012,55544433322,01/01/1993,03/09/2025
16565,MAITÊ FARIAS AZEVEDO,F,(61) 96789-0123,44433322211,02/02/1986,04/09/2025
16666,ANTHONY MENDES ROCHA,M,(71) 97890-1234,33322211100,03/03/1996,05/09/2025
16767,AURORA BARROS DUARTE,F,(81) 98901-2345,22211100099,04/04/1984,06/09/2025
16868,SAMUEL PINTO CUNHA,M,(85) 99012-3456,11100099988,05/05/2003,07/09/2025
16969,HELOÍSA ROCHA BARROS,F,(92) 90123-4567,00099988877,06/06/1992,08/09/2025
17070,LORENZO DUARTE PINTO,M,(21) 91234-5678,99988877766,07/07/1987,09/09/2025
17171,MARIA JÚLIA CUNHA ROCHA,F,(11) 92345-6789,88877766655,08/08/1998,10/09/2025
17272,PEDRO HENRIQUE BARROS DUARTE,M,(31) 93456-7890,77766655544,09/09/1985,11/09/2025
17373,MARIA EDUARDA PINTO CUNHA,F,(41) 94567-8901,66655544433,10/10/2001,12/09/2025
17474,LUCAS GABRIEL ROCHA BARROS,M,(51) 95678-9012,55544433322,11/11/1994,13/09/2025
17575,CECÍLIA DUARTE PINTO,F,(61) 96789-0123,44433322211,12/12/1982,14/09/2025
17676,NICOLAS CUNHA ROCHA,M,(71) 97890-1234,33322211100,01/01/1999,15/09/2025
17777,LORENA BARROS DUARTE,F,(81) 98901-2345,22211100099,02/02/1988,16/09/2025
17878,GUILHERME PINTO CUNHA,M,(85) 99012-3456,11100099988,03/03/1996,17/09/2025
17979,LÍVIA ROCHA BARROS,F,(92) 90123-4567,00099988877,04/04/1983,18/09/2025
18080,BRYAN DUARTE PINTO,M,(21) 91234-5678,99988877766,05/05/2000,19/09/2025
18181,ANA CLARA CUNHA ROCHA,F,(11) 92345-6789,88877766655,06/06/1991,20/09/2025
18282,DAVI LUCCA BARROS DUARTE,M,(31) 93456-7890,77766655544,07/07/1986,21/09/2025
18383,MARIA ALICE PINTO CUNHA,F,(41) 94567-8901,66655544433,08/08/1997,22/09/2025
18484,JOÃO MIGUEL ROCHA BARROS,M,(51) 95678-9012,55544433322,09/09/1984,23/09/2025
18585,ESTHER DUARTE PINTO,F,(61) 96789-0123,44433322211,10/10/2003,24/09/2025
18686,EMANUEL CUNHA ROCHA,M,(71) 97890-1234,33322211100,11/11/1992,25/09/2025
18787,ANA LIZ BARROS DUARTE,F,(81) 98901-2345,22211100099,12/12/1981,26/09/2025
18888,NOAH PINTO CUNHA,M,(85) 99012-3456,11100099988,01/01/1998,27/09/2025
18989,AYLA ROCHA BARROS,F,(92) 90123-4567,00099988877,02/02/1987,28/09/2025
19090,BENTO DUARTE PINTO,M,(21) 91234-5678,99988877766,03/03/1995,29/09/2025
19191,ANA LAURA CUNHA ROCHA,F,(11) 92345-6789,88877766655,04/04/1980,30/09/2025
19292,ISAAC BARROS DUARTE,M,(31) 93456-7890,77766655544,05/05/2004,01/10/2025
19393,MARIA CECÍLIA PINTO CUNHA,F,(41) 94567-8901,66655544433,06/06/1993,02/10/2025
19494,BENJAMIN ROCHA BARROS,M,(51) 95678-9012,55544433322,07/07/1988,03/10/2025
19595,ANA SOPHIA DUARTE PINTO,F,(61) 96789-0123,44433322211,08/08/1999,04/10/2025
19696,FRANCISCO CUNHA ROCHA,M,(71) 97890-1234,33322211100,09/09/1986,05/10/2025
